Title,URL,Desc,Price
Otamatone,https://www.vat19.com/item/otamatone,Wacky and weird electronic musical instrument.,"₹ 1,754.79 "
Plush Cheesy Puffs,https://www.vat19.com/item/plush-cheesy-puffs-plush,Giant stuffed bag of cute plush cheese snacks.,"₹ 3,898.75 
 In Stock "
Avocado Squishable,https://www.vat19.com/item/squishable-avocado-stuffed-animal,"Super-sized, super-soft plush produce.","₹ 467.16 to ₹ 3,274.83 
 In Stock "
Remote Control Toy Forklift,https://www.vat19.com/item/remote-control-toy-forklift,"Fully functional toy forklift with pallets, crates, boxes, and a shelf.","₹ 3,118.85 
 In Stock "
Cuddle Clones,https://www.vat19.com/item/cuddle-clones-stuffed-animal-pets,Get a realistic stuffed animal made of your pet!,"₹ 19,419.67 "
Piranha Plant Puppet,https://www.vat19.com/item/piranha-plant-puppet,Super Mario hand puppet plant with a taste for plumbers.,"₹ 2,026.98 
 In Stock "
Feisty Pets,https://www.vat19.com/item/feisty-pets,Stuffed animals that change from awwww to ahhhhh!,"₹ 779.13 to ₹ 1,559.03 
 In Stock "
Air Swimmers,https://www.vat19.com/item/air-swimmers-remote-control-flying-fish,Amazing R/C Flying Fish with 360-degree control.,"₹ 2,728.89 
 In Stock "
Mad Mattr,https://www.vat19.com/item/mad-mattr-play-dough,Super-soft stuff that’s fun to squeeze and stretch.,"₹ 779.13 to ₹ 1,013.10 
 In Stock "
Rubber Band Pistol,https://www.vat19.com/item/diy-rubber-band-pistol,Make your own compact semi-auto rubber band gun.,"₹ 233.19 to ₹ 1,169.08 
 In Stock "
Magnatab Magnetic Tablet,https://www.vat19.com/item/magnatab-magnetic-tablet-stylus,Draw freely using 361 magnetic spheres.,"₹ 1,948.99 
 In Stock "
Rubber Band Shotgun,https://www.vat19.com/item/bandit-guns-pump-action-semi-automatic-rubber-band-gun,Pump-action rubber band shotgun with 10-shot capacity.,"₹ 272.97 to ₹ 2,728.89 
 In Stock "
Nightball Basketball,https://www.vat19.com/item/nightball-light-up-basketball,Inflatable ball with motion-activated LEDs.,"₹ 1,948.99 
 In Stock "
Floof,https://www.vat19.com/item/floof-indoor-snowball-maker,Fantastically fluffy molding material!,"₹ 1,559.03 
 In Stock "
Crunchy Snow Stress Ball,https://www.vat19.com/item/crunchy-snow-stress-ball,Stress ball that feels and sounds like crunching through fresh snow.,"₹ 233.19 
 In Stock "
Purrito,https://www.vat19.com/item/purrito,A cozy plush kitten that comes wrapped like a burrito.,"₹ 1,169.08 
 In Stock "
DIY Eraser Kit,https://www.vat19.com/item/make-your-own-erasers-kit,Make your own pencil erasers!,"₹ 857.12 
 In Stock "
Lick-a-Bubble,https://www.vat19.com/item/lick-a-bubble-edible-bubbles,Create your own bubble snacks!,"₹ 623.15 to ₹ 779.13 
 In Stock "
X-Zylo Flying Gyroscopes,https://www.vat19.com/item/x-zylo-flying-gyroscopes-ultra-air-rider,Amazing flying rings can be thrown over 600 feet!,"₹ 662.92 
 In Stock "
Giant Inflatable Soccer Ball,https://www.vat19.com/item/giant-inflatable-soccer-ball,A gigantic six-foot diameter blow-up soccer ball.,"₹ 4,678.66 
 In Stock "
Spitballs,https://www.vat19.com/item/spitballs-50-g-pack,Amazing water-balls grow up to 200 times their original size.,"₹ 779.13 
 In Stock "
Wild West Shooting Set,https://www.vat19.com/item/wild-west-shooting-set,An infrared firing range that shoots targets into the air!,"₹ 3,118.85 
 In Stock "
Squishables Stuffed Animals,https://www.vat19.com/item/squishables-stuffed-animals,Giant round stuffed animals perfect for hugging.,"₹ 2,962.87 to ₹ 3,430.81 
 In Stock "
Color Change Floof,https://www.vat19.com/item/color-change-floof,Fluffy fidget toy that changes color with heat.,"₹ 1,091.09 "
Blobfish Plush,https://www.vat19.com/item/blobfish-plush-stuffed-animals,Ugly-cute super-soft stuffed animal.,"₹ 1,169.08 to ₹ 3,118.85 
 In Stock "
The Not-a-Cat Cat,https://www.vat19.com/item/not-a-cat-cat-the-cat-that-isnt,The World's First Cat That Isn't.,"₹ 1,559.03 
 In Stock "
Skid Shot TP Blaster,https://www.vat19.com/item/skid-shot-30-tp-blaster,Spitball shooter with toilet paper ammo.,"₹ 1,637.02 
Sold Out (More Feb. 13) "
Marshmallow Shooter,https://www.vat19.com/item/marshmallow-double-shooter-shotgun,Shoot mini-marshmallows up to 30 feet.,"₹ 2,416.93 
 In Stock "
Capture the Flag Redux,https://www.vat19.com/item/capture-the-flag-redux-night-glowing,Play glow in the dark capture the flag!,"₹ 4,678.66 
 In Stock "
Pinblock Freestyle,https://www.vat19.com/item/pinblock-freestyle-connector-toy,Unique interlocking construction toy system.,"₹ 3,118.85 
 In Stock "
Sånd by Brookstone,https://www.vat19.com/item/sand-brookstone,"Amazing, no-mess indoor kinetic play sand.","₹ 1,559.03 to ₹ 1,948.99 
 In Stock "
Sticky the Unicorn Poo,https://www.vat19.com/item/sticky-the-unicorn-poo,"Sticky, squishy toy that looks like a  took a big .","₹ 467.16 
 In Stock "
AirFort,https://www.vat19.com/item/airfort-inflatable-fort,Build an inflatable fort in seconds.,"₹ 4,288.71 
 In Stock "
Mix 'n Match Plush Toys,https://www.vat19.com/item/chimeras-stuffed-animals,A pair of high-quality rearrangeable plush animals.,"₹ 2,728.89 to ₹ 3,118.85 
 In Stock "
Treasure X,https://www.vat19.com/item/treasure-x,Unearth your own buried treasure!,"₹ 1,013.10 
 In Stock "
Makey Makey,https://www.vat19.com/item/makey-makey,Make everyday objects do amazing things.,"₹ 3,898.75 
 In Stock "
Squigz,https://www.vat19.com/item/squigz-suction-cup-toys,Suction cup construction sets.,"₹ 1,948.99 to ₹ 3,898.75 
 In Stock "
Daisy Derringer Twin Shooter,https://www.vat19.com/item/daisy-derringer-twin-shooter-rubberband-gun,Make your own pocket-sized rubber band pistol.,"₹ 233.19 to ₹ 1,091.09 
 In Stock "
Zeebeez Jumping Toy,https://www.vat19.com/item/zeebeez-jumping-toy,A pop-up toy that jumps up to six feet high.,"₹ 311.18 
 In Stock "
Office Ninja Indoor Blowgun Set,https://www.vat19.com/item/office-ninja-indoor-blowgun-set,A blowgun set with a target.,"₹ 467.16 to ₹ 1,559.03 
 In Stock "
World's Smallest Stretch Armstrong,https://www.vat19.com/item/worlds-smallest-stretch-armstrong,Tiny but mighty gel-filled action hero.,"₹ 623.15 
 In Stock "
Q-BA-Maze 2.0,https://www.vat19.com/item/q-ba-maze-marble-maze-construction-set,Amazing marble run construction cubes.,"₹ 5,302.58 to ₹ 8,578.19 
 In Stock "
Sticky the Boo,https://www.vat19.com/item/sticky-the-boo,"Sticky, squishy glow-in-the-dark toy that looks like a ghost.","₹ 467.16 
 In Stock "
Mighty Beanz,https://www.vat19.com/item/mighty-beanz-collectibles,"Collectible toys that roll, flip, and more!","₹ 857.12 
 In Stock "
ToyBoarders Skateboarders,https://www.vat19.com/item/toy-boarders-skateboard-figurines,A bucket of Army Man-style skateboarder figurines.,"₹ 1,013.10 
 In Stock "
Q-Man Translucent Magnets,https://www.vat19.com/item/q-man-translucent-mini-flexible-magnets,Bendable figures with magnetic hands and feet.,"₹ 311.18 
 In Stock "
Roller Coaster Challenge,https://www.vat19.com/item/roller-coaster-challenge,Amusement park themed thinking game.,"₹ 2,338.94 
 In Stock "
Sling Stix,https://www.vat19.com/item/sling-stix,Toss-and-catch suction cup set.,"₹ 1,130.86 
 In Stock "
Tiny Arcade Games,https://www.vat19.com/item/tiny-arcade-games-frogger-pac-man-space-invaders,Fully-playable arcade cabinets just inches tall!,"₹ 1,481.04 
 In Stock "
Play Dirt,https://www.vat19.com/item/play-dirt-kinetic-sand,Fun fake dirt that stays clean!,"₹ 1,948.99 
Sold Out (More Feb. 12) "
Bluetooth Micro Blimp,https://www.vat19.com/item/bluetooth-nano-mini-blimp-remote-control,Turn a balloon into a phone-operated blimp.,"₹ 3,898.75 
 In Stock "
Foam Axe Throwing Game,https://www.vat19.com/item/foam-axe-throwing-game,A toy version of the popular lumberjack game.,"₹ 1,948.99 
 In Stock "
Jammer,https://www.vat19.com/item/jammer-wooden-fidget-trick-toy,Wooden fidget toy used for tricks.,"₹ 467.16 
 In Stock "
Insta Snow Powder,https://www.vat19.com/item/instasnow,Add water to make snow!,"₹ 857.12 to ₹ 2,690.68 
 In Stock "
Stikball,https://www.vat19.com/item/stikball-sticky-baseball-toy,"Soft, sticky ""ball"" clings to almost any surface.","₹ 467.16 to ₹ 1,169.08 
 In Stock "
Musical Animal Puppets,https://www.vat19.com/item/musical-duck-frog-puppets,Move their mouths to play three different songs.,"₹ 1,559.03 
 In Stock "
Puffy Panda Bank,https://www.vat19.com/item/puffy-panda-bank-animatronic-motorized,Motorized coin-collecting bank with a panda bear.,"₹ 1,559.03 
 In Stock "
SCRABBLE Refrigerator Tiles,https://www.vat19.com/item/scrabble-magnetic-refrigerator-tiles,Set of over 100 SCRABBLE® magnetic tiles.,"₹ 779.13 
 In Stock "
Unicorn Ball Popper,https://www.vat19.com/item/unicorn-ball-popper,Unicorn-shaped foam ball shooter that pops!,"₹ 779.13 
 In Stock "
World's Smallest Magic 8 Ball,https://www.vat19.com/item/worlds-smallest-magic-8-ball,Fully functional petite prognosticating pool ball.,"₹ 389.17 
 In Stock "
Q-Man Mini Flexible Magnets,https://www.vat19.com/item/q-man-mini-flexible-magnets,Pliable figures with magnetic hands and feet.,"₹ 311.18 
 In Stock "
Balloon Balls,https://www.vat19.com/item/balloon-balls,Heavy-duty inflatable animals.,"₹ 311.18 "
World's Smallest Lite Brite,https://www.vat19.com/item/worlds-smallest-lite-brite,A tiny version of the classic toy that really works!,"₹ 545.15 
 In Stock "
Electronic Arcade Speedball,https://www.vat19.com/item/electronic-arcade-speedball-home-version,Desktop skill game with ball bearings.,"₹ 4,952.41 "
Toroflux Toy,https://www.vat19.com/item/toroflux-stainless-steel-toy,A slinky-like toy made from a single band of metal.,"₹ 1,169.08 
 In Stock "
The Original Stretch Armstrong,https://www.vat19.com/item/the-original-stretch-armstrong,A gel-filled action figure that stretches 4x his size!,"₹ 1,948.99 "
Crayon Clay,https://www.vat19.com/item/crayon-clay,Sculpt your own crayons!,"₹ 1,009.98 
 In Stock "
Glow in the Dark Sand,https://www.vat19.com/item/glow-in-the-dark-kinetic-sand,Moldable sand that’s fun to play with day or night.,"₹ 1,948.99 
 In Stock "
Bunchems! Mega Pack,https://www.vat19.com/item/bunchems-mega-pack,"Squish, create, and connect with this versatile building set.","₹ 1,948.99 
 In Stock "
Lollipopter,https://www.vat19.com/item/lollipopter-kinetic-sculpture,Playful desk art that changes shape with a twirl.,"₹ 1,948.99 
 In Stock "
Mini Polaroid Keychain,https://www.vat19.com/item/worlds-coolest-mini-polaroid-keychain,A tiny keychain styled after the classic Polaroid instant camera.,"₹ 467.16 
 In Stock "
Marshmallow Bow and Mallow,https://www.vat19.com/item/marshmallow-bow-mallow,Bow and arrow toy shoots marshmallows up to 30 feet.,"₹ 1,793.01 
 In Stock "
PhiTOP,https://www.vat19.com/item/phitop-spinning-top-egg-shaped,Spinning aluminum top shaped like an egg.,"₹ 1,559.03 
 In Stock "
DIY Ballista Kit,https://www.vat19.com/item/diy-wooden-ballista-kit,Create your own model of the ancient Roman missile weapon.,"₹ 1,403.05 
 In Stock "
Bubble Trick Pack,https://www.vat19.com/item/slick-trick-bubble-trick-pack,Tools and tips to teach you how to blow amazing bubble creations.,"₹ 1,403.05 
 In Stock "
World’s Smallest Rubik’s Cube,https://www.vat19.com/item/worlds-smallest-rubiks-cube,Miniature and fully functional version of the classic brain teaser.,"₹ 545.15 
Sold Out (More Feb. 06) "
Metal Works Models,https://www.vat19.com/item/metal-works-laser-cut-3d-models,Assemble miniature 3D models from laser cut metal sheets.,"₹ 545.15 to ₹ 779.13 
 In Stock "
Blobfish Keychain,https://www.vat19.com/item/blobfish-keychain,Plush blobfish on a clip.,"₹ 623.15 
 In Stock "
Twiddle Mega,https://www.vat19.com/item/twiddle-mega-toy,"Fidget, shape, and sculpt!","₹ 1,169.08 
 In Stock "
Pretzel Plush,https://www.vat19.com/item/yummy-world-pretzel-plush,Super-soft snack-themed toy.,"₹ 1,169.08 
 In Stock "
Pencil Slingshot,https://www.vat19.com/item/penpow-pencil-slingshot,Attachable pencil clip for springing spitballs.,"₹ 545.15 
 In Stock "
World’s Smallest Etch A Sketch,https://www.vat19.com/item/worlds-smallest-etch-a-sketch,A working mini model of the classic drawing toy.,"₹ 467.16 
 In Stock "
X-Zylo Night Flight,https://www.vat19.com/item/x-zylo-night-flight,Light-up flying gyroscope sails 600 feet through the air!,"₹ 116.99 to ₹ 857.12 
 In Stock "
Penguin Pop!,https://www.vat19.com/item/penguin-pop-paper-penguin-pop-up-craft-kit,Make your own amazing paper pop-up toy!,"₹ 779.13 
 In Stock "
Goodminton,https://www.vat19.com/item/goodminton-racquet-game,The World's Easiest Racquet Game.,"₹ 779.13 
 In Stock "
Desktop Curling,https://www.vat19.com/item/desktop-curling,A mini version of the popular ice sport.,"₹ 779.13 
 In Stock "
Waboba Ball,https://www.vat19.com/item/waboba-ball-bounces-on-water,The amazing ball that bounces on water.,"₹ 701.14 
 In Stock "
Solar System Marbles,https://www.vat19.com/item/solar-system-marbles-set,Collectible set of solar objects formed in glass.,"₹ 545.15 
 In Stock "
World's Smallest Barbie,https://www.vat19.com/item/worlds-smallest-barbie,A miniaturized version of the iconic fashion doll.,"₹ 389.17 
 In Stock "
DIY Marble Maze,https://www.vat19.com/item/design-your-own-marble-maze-virtual-reality,Create a labyrinth and run it on a tilt board or in VR.,"₹ 2,689.90 "
Mini Circus Clown Bike,https://www.vat19.com/item/mini-circus-clown-bike,"Tiny, comical, full-featured, and high-quality bicycle.","₹ 11,697.82 
Sold Out "
Money Origami Set,https://www.vat19.com/item/money-origami-set-book-dvd,Learn to create 21 origami projects utilizing only dollar bills.,"₹ 1,122.29 "
Droid Inventor Kit,https://www.vat19.com/item/r2d2-star-wars-droid-inventor-kit,Create your own Star Wars Droid™ with LittleBits technology.,"₹ 5,295.57 "
R/C Wooden Dinosaurs,https://www.vat19.com/item/remote-control-wooden-dinosaurs,Build your own robotic dinosaur!,"₹ 2,026.98 to ₹ 3,118.85 "
World's Smallest Lincoln Logs,https://www.vat19.com/item/worlds-smallest-lincoln-logs,Tiny frontier-inspired construction set.,"₹ 545.15 
Sold Out (More Feb. 06) "
World's Smallest Sock Monkey,https://www.vat19.com/item/worlds-smallest-sock-monkey,Tiny version of the classic stuffed animal.,"₹ 467.16 
Sold Out (More Feb. 06) "
Mr. Rogers Dress-Up Magnets,https://www.vat19.com/item/mister-rogers-dress-up-magnets,Won’t you be my fridge neighbor?,"₹ 1,091.09 "
Mini Squigz,https://www.vat19.com/item/mini-squigz-suction-construction,Miniature suction cup construction set.,"₹ 1,559.03 
 In Stock "
Meteor Monsters,https://www.vat19.com/item/meteor-monsters,Collectible surprise toys that emerge from moldable dough inside a meteor shell.,"₹ 779.13 
 In Stock "
Hypnogizmo,https://www.vat19.com/item/hypnogizmo-spinning-fidget-toy,A whirling toy with mesmerizing patterns.,"₹ 1,948.99 
 In Stock "
Magination Toolset,https://www.vat19.com/item/magination-toolset-magnetic-toolkit-toy,Magnetic toolkit for scientific exploration and creative play.,"₹ 7,798.29 
Sold Out (More Jan. 30) "
Magnaflex,https://www.vat19.com/item/magnaflex,A flexible magnetic construction set.,"₹ 1,637.02 
 In Stock "
Guessing Shock Game,https://www.vat19.com/item/number-guessing-shock-game,Electronic game that shocks the player for wrong answers.,"₹ 2,338.94 
 In Stock "
Animal Ball Poppers,https://www.vat19.com/item/poppers-pig-moose-dino-toy,Silly shooting toy with an addictive popping sound.,"₹ 545.15 to ₹ 779.13 
 In Stock "
Plush French Fries,https://www.vat19.com/item/plush-french-fries-removable,Super-sized stuffed french fry box with five potato sticks.,"₹ 2,338.94 
 In Stock "
Desktop Magnetic Dart Game,https://www.vat19.com/item/desktop-magnetic-dart-game,Portable metal dartboard with magnet-tipped darts.,"₹ 2,806.88 
 In Stock "
Document Dunk,https://www.vat19.com/item/document-dunk-trashcan-basketball-hoop,Throw away your paper like an all-star.,"₹ 1,559.03 
 In Stock "
Farts in a Jar,https://www.vat19.com/item/farts-in-a-jar,A collection of gassy sound effects that doesn't stink.,"₹ 935.11 
 In Stock "
Glowing Unicorn Pillow,https://www.vat19.com/item/glowing-unicorn-pillow,A plush unicorn that emits a rainbow of light.,"₹ 2,572.91 
 In Stock "
Bounce Battle,https://www.vat19.com/item/bounce-battle-ping-pong-ball-game,Versatile skill game with ping pong balls.,"₹ 1,948.99 
 In Stock "
Catchoo 3.0,https://www.vat19.com/item/catchoo-2-ball-game,Pick-up game with Velcro ball targets and a fun elastic grabber.,"₹ 2,182.96 
 In Stock "
Comfort Food Squishables,https://www.vat19.com/item/comfort-food-giant-stuffed-animals,Huge huggable plush toys modeled after tasty treats.,"₹ 3,040.86 to ₹ 3,274.83 
 In Stock "
Air Power Soccer Disc,https://www.vat19.com/item/air-power-soccer-disc,Multi-surface hovering and gliding toy.,"₹ 1,169.08 
 In Stock "
World's Smallest Hot Wheels,https://www.vat19.com/item/worlds-smallest-hot-wheels,Diecast Hot Wheels even smaller than the originals.,"₹ 389.17 
 In Stock "
Voli Racket Game,https://www.vat19.com/item/waboba-voli-mitten-paddle-game,Outdoor game with wearable racquets!,"₹ 1,715.01 
 In Stock "
Yeti Stuffed Animal,https://www.vat19.com/item/yulli-yeti-large-stuffed-animal,Giant plush mountain Yeti.,"₹ 5,458.57 
 In Stock "
iPhone R/C Microcar,https://www.vat19.com/item/iphone-remote-control-microcar,Remote-controlled miniature car for your iOS or Android device.,"₹ 5,451.55 
 In Stock "
Zipes,https://www.vat19.com/item/zipes-racing-pipes,Gravity-defying RC racers in tubes.,"₹ 4,678.66 to ₹ 7,798.29 
 In Stock "
SnoBall Battle Pack,https://www.vat19.com/item/snoball-battle-pack-indoor-fake-snowballs,Create your own faux-snow for year-round snowball fights.,"₹ 623.15 
 In Stock "
Indoor Snowballs,https://www.vat19.com/item/snowtime-indoor-snowballs,Enjoy indoor snow ball fights!,"₹ 1,325.06 to ₹ 2,338.94 
 In Stock "
Train in a Tin,https://www.vat19.com/item/train-in-a-tin-mini-train-set,Ultra-compact toy train set.,"₹ 1,559.03 
 In Stock "
Super Splashers,https://www.vat19.com/item/super-splashers-water-balloons,Reusable water weapons that refill in seconds!,"₹ 857.12 
 In Stock "
Stratolauncher IV,https://www.vat19.com/item/stratolauncher-iv-water-rocket,Water rocket launcher shoots bottles up to 350 feet!,"₹ 4,678.66 
 In Stock "
Mini Squishables,https://www.vat19.com/item/mini-squishables-stuffed-animals,"Round, plump, and adorable Squishables in a smaller size.","₹ 1,481.04 to ₹ 1,520.82 
 In Stock "
Star Wars 3D Models,https://www.vat19.com/item/star-wars-metal-earth-3d-models,Officially licensed 3D Metal Model kits.,"₹ 1,013.10 to ₹ 1,169.08 
 In Stock "
